id,season,team A,team B,Win_ratio_A,Win_ratio_B
1,2017,Royal Challengers Bangalore,Sunrisers Hyderabad,0.44,0.56
2,2017,Royal Challengers Bangalore,Delhi Daredevils,0.625,0.375
3,2017,Royal Challengers Bangalore,Kings XI Punjab,0.44,0.56
4,2017,Royal Challengers Bangalore,Mumbai Indians,0.42,0.58
5,2017,Royal Challengers Bangalore,Rising Pune Supergiants,1,0
6,2017,Royal Challengers Bangalore,Gujarat Lions,0.67,0.33
7,2017,Royal Challengers Bangalore,Kolkata Knight Riders,0.5,0.5
8,2017,Royal Challengers Bangalore,Chennai Super Kings,0.37,0.63
9,2017,Royal Challengers Bangalore,Rajasthan Royals,0.53,0.47
10,2017,Royal Challengers Bangalore,Deccan Chargers,0.46,0.54
11,2017,Royal Challengers Bangalore,Kochi Tuskers Kerala,1,0
12,2017,Royal Challengers Bangalore,Pune Warriors,1,0
13,2017,Sunrisers Hyderabad,Delhi Daredevils,0.625,0.375
14,2017,Sunrisers Hyderabad,Kings XI Punjab,0.75,0.25
15,2017,Sunrisers Hyderabad,Mumbai Indians,0.5,0.5
16,2017,Sunrisers Hyderabad,Rising Pune Supergiants,0.5,0.5
17,2017,Sunrisers Hyderabad,Gujarat Lions,1,0
18,2017,Sunrisers Hyderabad,Kolkata Knight Riders,0.33,0.67
19,2017,Sunrisers Hyderabad,Chennai Super Kings,0.33,0.67
20,2017,Sunrisers Hyderabad,Rajasthan Royals,0.43,0.57
21,2017,Sunrisers Hyderabad,Deccan Chargers,0,0
22,2017,Sunrisers Hyderabad,Kochi Tuskers Kerala,0,0
23,2017,Sunrisers Hyderabad,Pune Warriors,1,0
24,2017,Delhi Daredevils,Kings XI Punjab,0.44,0.56
25,2017,Delhi Daredevils,Mumbai Indians,0.5,0.5
26,2017,Delhi Daredevils,Rising Pune Supergiants,0,1
27,2017,Delhi Daredevils,Gujarat Lions,0.5,0.5
28,2017,Delhi Daredevils,Kolkata Knight Riders,0.41,0.59
29,2017,Delhi Daredevils,Chennai Super Kings,0.31,0.69
30,2017,Delhi Daredevils,Rajasthan Royals,0.375,0.625
31,2017,Delhi Daredevils,Deccan Chargers,0.63,0.37
32,2017,Delhi Daredevils,Kochi Tuskers Kerala,0.5,0.5
33,2017,Delhi Daredevils,Pune Warriors,0.6,0.4
34,2017,Kings XI Punjab,Mumbai Indians,0.5,0.5
35,2017,Kings XI Punjab,Rising Pune Supergiants,0.5,0.5
36,2017,Kings XI Punjab,Gujarat Lions,0.5,0.5
37,2017,Kings XI Punjab,Kolkata Knight Riders,0.32,0.68
38,2017,Kings XI Punjab,Chennai Super Kings,0.41,0.59
39,2017,Kings XI Punjab,Rajasthan Royals,0.4,0.6
40,2017,Kings XI Punjab,Deccan Chargers,0.7,0.3
41,2017,Kings XI Punjab,Kochi Tuskers Kerala,1,0
42,2017,Kings XI Punjab,Pune Warriors,0.5,0.5
43,2017,Mumbai Indians,Rising Pune Supergiants,0.5,0.5
44,2017,Mumbai Indians,Gujarat Lions,0,1
45,2017,Mumbai Indians,Kolkata Knight Riders,0.72,0.28
46,2017,Mumbai Indians,Chennai Super Kings,0.55,0.45
47,2017,Mumbai Indians,Rajasthan Royals,0.625,0.375
48,2017,Mumbai Indians,Deccan Chargers,0.6,0.4
49,2017,Mumbai Indians,Kochi Tuskers Kerala,0,1
50,2017,Mumbai Indians,Pune Warriors,0.83,0.17
51,2017,Rising Pune Supergiants,Gujarat Lions,0,1
52,2017,Rising Pune Supergiants,Kolkata Knight Riders,0,1
53,2017,Rising Pune Supergiants,Chennai Super Kings,0,0
54,2017,Rising Pune Supergiants,Rajasthan Royals,0,0
55,2017,Rising Pune Supergiants,Deccan Chargers,0,0
56,2017,Rising Pune Supergiants,Kochi Tuskers Kerala,0,0
57,2017,Rising Pune Supergiants,Pune Warriors,0,0
58,2017,Gujarat Lions,Kolkata Knight Riders,1,0
59,2017,Gujarat Lions,Chennai Super Kings,0,0
60,2017,Gujarat Lions,Rajasthan Royals,0,0
61,2017,Gujarat Lions,Deccan Chargers,0,0
62,2017,Gujarat Lions,Kochi Tuskers Kerala,0,0
63,2017,Gujarat Lions,Pune Warriors,0,0
64,2017,Kolkata Knight Riders,Chennai Super Kings,0.375,0.625
65,2017,Kolkata Knight Riders,Rajasthan Royals,0.4,0.6
66,2017,Kolkata Knight Riders,Deccan Chargers,0.8,0.2
67,2017,Kolkata Knight Riders,Kochi Tuskers Kerala,0,1
68,2017,Kolkata Knight Riders,Pune Warriors,0.8,0.2
69,2017,Chennai Super Kings,Rajasthan Royals,0.65,0.35
70,2017,Chennai Super Kings,Deccan Chargers,0.6,0.4
71,2017,Chennai Super Kings,Kochi Tuskers Kerala,0.5,0.5
72,2017,Chennai Super Kings,Pune Warriors,0.7,0.3
73,2017,Rajasthan Royals,Deccan Chargers,0.8,0.2
74,2017,Rajasthan Royals,Kochi Tuskers Kerala,0.5,0.5
75,2017,Rajasthan Royals,Pune Warriors,0.8,0.2
76,2017,Deccan Chargers,Kochi Tuskers Kerala,1,0
77,2017,Deccan Chargers,Pune Warriors,0.75,0.25
78,2017,Kochi Tuskers Kerala,Pune Warriors,0,1
79,2016,Royal Challengers Bangalore,Sunrisers Hyderabad,0.5,0.5
80,2016,Royal Challengers Bangalore,Delhi Daredevils,0.64,0.36
81,2016,Royal Challengers Bangalore,Kings XI Punjab,0.375,0.625
82,2016,Royal Challengers Bangalore,Mumbai Indians,0.47,0.53
83,2016,Royal Challengers Bangalore,Rising Pune Supergiants,0,0
84,2016,Royal Challengers Bangalore,Gujarat Lions,0,0
85,2016,Royal Challengers Bangalore,Kolkata Knight Riders,0.5,0.5
86,2016,Royal Challengers Bangalore,Chennai Super Kings,0.37,0.63
87,2016,Royal Challengers Bangalore,Rajasthan Royals,0.53,0.47
88,2016,Royal Challengers Bangalore,Deccan Chargers,0.45,0.55
89,2016,Royal Challengers Bangalore,Kochi Tuskers Kerala,1,0
90,2016,Royal Challengers Bangalore,Pune Warriors,1,0
91,2016,Sunrisers Hyderabad,Delhi Daredevils,0.83,0.17
92,2016,Sunrisers Hyderabad,Kings XI Punjab,0.7,0.3
93,2016,Sunrisers Hyderabad,Mumbai Indians,0.3,0.7
94,2016,Sunrisers Hyderabad,Rising Pune Supergiants,0,0
95,2016,Sunrisers Hyderabad,Gujarat Lions,0,0
96,2016,Sunrisers Hyderabad,Kolkata Knight Riders,0.3,0.7
97,2016,Sunrisers Hyderabad,Chennai Super Kings,0.3,0.7
98,2016,Sunrisers Hyderabad,Rajasthan Royals,0.43,0.57
99,2016,Sunrisers Hyderabad,Deccan Chargers,0,0
100,2016,Sunrisers Hyderabad,Kochi Tuskers Kerala,0,0
101,2016,Sunrisers Hyderabad,Pune Warriors,1,0
102,2016,Delhi Daredevils,Kings XI Punjab,0.44,0.56
103,2016,Delhi Daredevils,Mumbai Indians,0.5,0.5
104,2016,Delhi Daredevils,Rising Pune Supergiants,0,0
105,2016,Delhi Daredevils,Gujarat Lions,0,0
106,2016,Delhi Daredevils,Kolkata Knight Riders,0.4,0.6
107,2016,Delhi Daredevils,Chennai Super Kings,0.32,0.68
108,2016,Delhi Daredevils,Rajasthan Royals,0.375,0.625
109,2016,Delhi Daredevils,Deccan Chargers,0.64,0.36
110,2016,Delhi Daredevils,Kochi Tuskers Kerala,0.5,0.5
111,2016,Delhi Daredevils,Pune Warriors,0.6,0.4
112,2016,Kings XI Punjab,Mumbai Indians,0.5,0.5
113,2016,Kings XI Punjab,Rising Pune Supergiants,0,0
114,2016,Kings XI Punjab,Gujarat Lions,0,0
115,2016,Kings XI Punjab,Kolkata Knight Riders,0.35,0.56
116,2016,Kings XI Punjab,Chennai Super Kings,0.41,0.59
117,2016,Kings XI Punjab,Rajasthan Royals,0.4,0.6
118,2016,Kings XI Punjab,Deccan Chargers,0.7,0.3
119,2016,Kings XI Punjab,Kochi Tuskers Kerala,1,0
120,2016,Kings XI Punjab,Pune Warriors,0.5,0.5
121,2016,Mumbai Indians,Rising Pune Supergiants,0,0
122,2016,Mumbai Indians,Gujarat Lions,0,0
123,2016,Mumbai Indians,Kolkata Knight Riders,0.69,0.31
124,2016,Mumbai Indians,Chennai Super Kings,0.55,0.45
125,2016,Mumbai Indians,Rajasthan Royals,0.625,0.375
126,2016,Mumbai Indians,Deccan Chargers,0.6,0.4
127,2016,Mumbai Indians,Kochi Tuskers Kerala,0,1
128,2016,Mumbai Indians,Pune Warriors,0.83,0.17
129,2016,Rising Pune Supergiants,Gujarat Lions,0,0
130,2016,Rising Pune Supergiants,Kolkata Knight Riders,0,0
131,2016,Rising Pune Supergiants,Chennai Super Kings,0,0
132,2016,Rising Pune Supergiants,Rajasthan Royals,0,0
133,2016,Rising Pune Supergiants,Deccan Chargers,0,0
134,2016,Rising Pune Supergiants,Kochi Tuskers Kerala,0,0
135,2016,Rising Pune Supergiants,Pune Warriors,0,0
136,2016,Gujarat Lions,Kolkata Knight Riders,0,0
137,2016,Gujarat Lions,Chennai Super Kings,0,0
138,2016,Gujarat Lions,Rajasthan Royals,0,0
139,2016,Gujarat Lions,Deccan Chargers,0,0
140,2016,Gujarat Lions,Kochi Tuskers Kerala,0,0
141,2016,Gujarat Lions,Pune Warriors,0,0
142,2016,Kolkata Knight Riders,Chennai Super Kings,0.375,0.625
143,2016,Kolkata Knight Riders,Rajasthan Royals,0.35,0.65
144,2016,Kolkata Knight Riders,Deccan Chargers,0.77,0.23
145,2016,Kolkata Knight Riders,Kochi Tuskers Kerala,0,1
146,2016,Kolkata Knight Riders,Pune Warriors,0.8,0.2
147,2016,Chennai Super Kings,Rajasthan Royals,0.65,0.35
148,2016,Chennai Super Kings,Deccan Chargers,0.6,0.4
149,2016,Chennai Super Kings,Kochi Tuskers Kerala,0.5,0.5
150,2016,Chennai Super Kings,Pune Warriors,0.67,0.33
151,2016,Rajasthan Royals,Deccan Chargers,0.78,0.22
152,2016,Rajasthan Royals,Kochi Tuskers Kerala,0.5,0.5
153,2016,Rajasthan Royals,Pune Warriors,0.8,0.2
154,2016,Deccan Chargers,Kochi Tuskers Kerala,1,0
155,2016,Deccan Chargers,Pune Warriors,0.75,0.25
156,2016,Kochi Tuskers Kerala,Pune Warriors,0,1
157,2015,Royal Challengers Bangalore,Sunrisers Hyderabad,0.5,0.5
158,2015,Royal Challengers Bangalore,Delhi Daredevils,0.62,0.38
159,2015,Royal Challengers Bangalore,Kings XI Punjab,0.36,0.64
160,2015,Royal Challengers Bangalore,Mumbai Indians,0.47,0.53
161,2015,Royal Challengers Bangalore,Rising Pune Supergiants,0,0
162,2015,Royal Challengers Bangalore,Gujarat Lions,0,0
163,2015,Royal Challengers Bangalore,Kolkata Knight Riders,0.43,0.57
164,2015,Royal Challengers Bangalore,Chennai Super Kings,0.44,0.56
165,2015,Royal Challengers Bangalore,Rajasthan Royals,0.46,0.54
166,2015,Royal Challengers Bangalore,Deccan Chargers,0.45,0.55
167,2015,Royal Challengers Bangalore,Kochi Tuskers Kerala,1,0
168,2015,Royal Challengers Bangalore,Pune Warriors,1,0
169,2015,Sunrisers Hyderabad,Delhi Daredevils,1,0
170,2015,Sunrisers Hyderabad,Kings XI Punjab,0.5,0.5
171,2015,Sunrisers Hyderabad,Mumbai Indians,0.5,0.5
172,2015,Sunrisers Hyderabad,Rising Pune Supergiants,0,0
173,2015,Sunrisers Hyderabad,Gujarat Lions,0,0
174,2015,Sunrisers Hyderabad,Kolkata Knight Riders,0.25,0.75
175,2015,Sunrisers Hyderabad,Chennai Super Kings,0.25,0.75
176,2015,Sunrisers Hyderabad,Rajasthan Royals,0.4,0.6
177,2015,Sunrisers Hyderabad,Deccan Chargers,0,0
178,2015,Sunrisers Hyderabad,Kochi Tuskers Kerala,0,0
179,2015,Sunrisers Hyderabad,Pune Warriors,1,0
180,2015,Delhi Daredevils,Kings XI Punjab,0.36,0.64
181,2015,Delhi Daredevils,Mumbai Indians,0.5,0.5
182,2015,Delhi Daredevils,Rising Pune Supergiants,0,0
183,2015,Delhi Daredevils,Gujarat Lions,0,0
184,2015,Delhi Daredevils,Kolkata Knight Riders,0.46,0.53
185,2015,Delhi Daredevils,Chennai Super Kings,0.29,0.71
186,2015,Delhi Daredevils,Rajasthan Royals,0.43,0.57
187,2015,Delhi Daredevils,Deccan Chargers,0.64,0.36
188,2015,Delhi Daredevils,Kochi Tuskers Kerala,0.5,0.5
189,2015,Delhi Daredevils,Pune Warriors,0.6,0.4
190,2015,Kings XI Punjab,Mumbai Indians,0.5,0.5
191,2015,Kings XI Punjab,Rising Pune Supergiants,0,0
192,2015,Kings XI Punjab,Gujarat Lions,0,0
193,2015,Kings XI Punjab,Kolkata Knight Riders,0.4,0.6
194,2015,Kings XI Punjab,Chennai Super Kings,0.47,0.53
195,2015,Kings XI Punjab,Rajasthan Royals,0.38,0.62
196,2015,Kings XI Punjab,Deccan Chargers,0.7,0.3
197,2015,Kings XI Punjab,Kochi Tuskers Kerala,1,0
198,2015,Kings XI Punjab,Pune Warriors,0.5,0.5
199,2015,Mumbai Indians,Rising Pune Supergiants,0,0
200,2015,Mumbai Indians,Gujarat Lions,0,0
201,2015,Mumbai Indians,Kolkata Knight Riders,0.72,0.28
202,2015,Mumbai Indians,Chennai Super Kings,0.5,0.5
203,2015,Mumbai Indians,Rajasthan Royals,0.64,0.36
204,2015,Mumbai Indians,Deccan Chargers,0.6,0.4
205,2015,Mumbai Indians,Kochi Tuskers Kerala,0,1
206,2015,Mumbai Indians,Pune Warriors,0.83,0.17
207,2015,Rising Pune Supergiants,Gujarat Lions,0,0
208,2015,Rising Pune Supergiants,Kolkata Knight Riders,0,0
209,2015,Rising Pune Supergiants,Chennai Super Kings,0,0
210,2015,Rising Pune Supergiants,Rajasthan Royals,0,0
211,2015,Rising Pune Supergiants,Deccan Chargers,0,0
212,2015,Rising Pune Supergiants,Kochi Tuskers Kerala,0,0
213,2015,Rising Pune Supergiants,Pune Warriors,0,0
214,2015,Gujarat Lions,Kolkata Knight Riders,0,0
215,2015,Gujarat Lions,Chennai Super Kings,0,0
216,2015,Gujarat Lions,Rajasthan Royals,0,0
217,2015,Gujarat Lions,Deccan Chargers,0,0
218,2015,Gujarat Lions,Kochi Tuskers Kerala,0,0
219,2015,Gujarat Lions,Pune Warriors,0,0
220,2015,Kolkata Knight Riders,Chennai Super Kings,0.36,0.64
221,2015,Kolkata Knight Riders,Rajasthan Royals,0.43,0.57
222,2015,Kolkata Knight Riders,Deccan Chargers,0.77,0.23
223,2015,Kolkata Knight Riders,Kochi Tuskers Kerala,0,1
224,2015,Kolkata Knight Riders,Pune Warriors,0.8,0.2
225,2015,Chennai Super Kings,Rajasthan Royals,0.67,0.33
226,2015,Chennai Super Kings,Deccan Chargers,0.6,0.4
227,2015,Chennai Super Kings,Kochi Tuskers Kerala,0.5,0.5
228,2015,Chennai Super Kings,Pune Warriors,0.67,0.33
229,2015,Rajasthan Royals,Deccan Chargers,0.78,0.22
230,2015,Rajasthan Royals,Kochi Tuskers Kerala,0.5,0.5
231,2015,Rajasthan Royals,Pune Warriors,0.8,0.2
232,2015,Deccan Chargers,Kochi Tuskers Kerala,1,0
233,2015,Deccan Chargers,Pune Warriors,0.75,0.25
234,2015,Kochi Tuskers Kerala,Pune Warriors,0,1
235,2014,Royal Challengers Bangalore,Sunrisers Hyderabad,0.5,0.5
236,2014,Royal Challengers Bangalore,Delhi Daredevils,0.55,0.45
237,2014,Royal Challengers Bangalore,Kings XI Punjab,0.42,0.58
238,2014,Royal Challengers Bangalore,Mumbai Indians,0.46,0.53
239,2014,Royal Challengers Bangalore,Rising Pune Supergiants,0,0
240,2014,Royal Challengers Bangalore,Gujarat Lions,0,0
241,2014,Royal Challengers Bangalore,Kolkata Knight Riders,0.5,0.5
242,2014,Royal Challengers Bangalore,Chennai Super Kings,0.43,0.57
243,2014,Royal Challengers Bangalore,Rajasthan Royals,0.55,0.45
244,2014,Royal Challengers Bangalore,Deccan Chargers,0.45,0.55
245,2014,Royal Challengers Bangalore,Kochi Tuskers Kerala,1,0
246,2014,Royal Challengers Bangalore,Pune Warriors,1,0
247,2014,Sunrisers Hyderabad,Delhi Daredevils,1,0
248,2014,Sunrisers Hyderabad,Kings XI Punjab,1,0
249,2014,Sunrisers Hyderabad,Mumbai Indians,0.5,0.5
250,2014,Sunrisers Hyderabad,Rising Pune Supergiants,0,0
251,2014,Sunrisers Hyderabad,Gujarat Lions,0,0
252,2014,Sunrisers Hyderabad,Kolkata Knight Riders,0.5,0.5
253,2014,Sunrisers Hyderabad,Chennai Super Kings,0,1
254,2014,Sunrisers Hyderabad,Rajasthan Royals,0.33,0.67
255,2014,Sunrisers Hyderabad,Deccan Chargers,0,0
256,2014,Sunrisers Hyderabad,Kochi Tuskers Kerala,0,0
257,2014,Sunrisers Hyderabad,Pune Warriors,1,0
258,2014,Delhi Daredevils,Kings XI Punjab,0.42,0.58
259,2014,Delhi Daredevils,Mumbai Indians,0.5,0.5
260,2014,Delhi Daredevils,Rising Pune Supergiants,0,0
261,2014,Delhi Daredevils,Gujarat Lions,0,0
262,2014,Delhi Daredevils,Kolkata Knight Riders,0.45,0.55
263,2014,Delhi Daredevils,Chennai Super Kings,0.3,0.7
264,2014,Delhi Daredevils,Rajasthan Royals,0.5,0.5
265,2014,Delhi Daredevils,Deccan Chargers,0.64,0.36
266,2014,Delhi Daredevils,Kochi Tuskers Kerala,0.5,0.5
267,2014,Delhi Daredevils,Pune Warriors,0.4,0.6
268,2014,Kings XI Punjab,Mumbai Indians,0.58,0.42
269,2014,Kings XI Punjab,Rising Pune Supergiants,0,0
270,2014,Kings XI Punjab,Gujarat Lions,0,0
271,2014,Kings XI Punjab,Kolkata Knight Riders,0.45,0.55
272,2014,Kings XI Punjab,Chennai Super Kings,0.3,0.7
273,2014,Kings XI Punjab,Rajasthan Royals,0.27,0.73
274,2014,Kings XI Punjab,Deccan Chargers,0.7,0.3
275,2014,Kings XI Punjab,Kochi Tuskers Kerala,1,0
276,2014,Kings XI Punjab,Pune Warriors,0.5,0.5
277,2014,Mumbai Indians,Rising Pune Supergiants,0,0
278,2014,Mumbai Indians,Gujarat Lions,0,0
279,2014,Mumbai Indians,Kolkata Knight Riders,0.83,0.17
280,2014,Mumbai Indians,Chennai Super Kings,0.6,0.4
281,2014,Mumbai Indians,Rajasthan Royals,0.58,0.42
282,2014,Mumbai Indians,Deccan Chargers,0.6,0.4
283,2014,Mumbai Indians,Kochi Tuskers Kerala,0,1
284,2014,Mumbai Indians,Pune Warriors,0.83,0.17
285,2014,Rising Pune Supergiants,Gujarat Lions,0,0
286,2014,Rising Pune Supergiants,Kolkata Knight Riders,0,0
287,2014,Rising Pune Supergiants,Chennai Super Kings,0,0
288,2014,Rising Pune Supergiants,Rajasthan Royals,0,0
289,2014,Rising Pune Supergiants,Deccan Chargers,0,0
290,2014,Rising Pune Supergiants,Kochi Tuskers Kerala,0,0
291,2014,Rising Pune Supergiants,Pune Warriors,0,0
292,2014,Gujarat Lions,Kolkata Knight Riders,0,0
293,2014,Gujarat Lions,Chennai Super Kings,0,0
294,2014,Gujarat Lions,Rajasthan Royals,0,0
295,2014,Gujarat Lions,Deccan Chargers,0,0
296,2014,Gujarat Lions,Kochi Tuskers Kerala,0,0
297,2014,Gujarat Lions,Pune Warriors,0,0
298,2014,Kolkata Knight Riders,Chennai Super Kings,0.33,0.67
299,2014,Kolkata Knight Riders,Rajasthan Royals,0.5,0.5
300,2014,Kolkata Knight Riders,Deccan Chargers,0.78,0.22
301,2014,Kolkata Knight Riders,Kochi Tuskers Kerala,0,1
302,2014,Kolkata Knight Riders,Pune Warriors,0.8,0.2
303,2014,Chennai Super Kings,Rajasthan Royals,0.62,0.38
304,2014,Chennai Super Kings,Deccan Chargers,0.6,0.4
305,2014,Chennai Super Kings,Kochi Tuskers Kerala,0.5,0.5
306,2014,Chennai Super Kings,Pune Warriors,0.67,0.33
307,2014,Rajasthan Royals,Deccan Chargers,0.78,0.22
308,2014,Rajasthan Royals,Kochi Tuskers Kerala,0.5,0.5
309,2014,Rajasthan Royals,Pune Warriors,1,0
310,2014,Deccan Chargers,Kochi Tuskers Kerala,1,0
311,2014,Deccan Chargers,Pune Warriors,0.75,0.25
312,2014,Kochi Tuskers Kerala,Pune Warriors,0,1
313,2013,Royal Challengers Bangalore,Sunrisers Hyderabad,0.5,0.5
314,2013,Royal Challengers Bangalore,Delhi Daredevils,0.45,0.55
315,2013,Royal Challengers Bangalore,Kings XI Punjab,0.5,0.5
316,2013,Royal Challengers Bangalore,Mumbai Indians,0.45,0.55
317,2013,Royal Challengers Bangalore,Rising Pune Supergiants,0,0
318,2013,Royal Challengers Bangalore,Gujarat Lions,0,0
319,2013,Royal Challengers Bangalore,Kolkata Knight Riders,0.5,0.5
320,2013,Royal Challengers Bangalore,Chennai Super Kings,0.42,0.58
321,2013,Royal Challengers Bangalore,Rajasthan Royals,0.55,0.45
322,2013,Royal Challengers Bangalore,Deccan Chargers,0.45,0.55
323,2013,Royal Challengers Bangalore,Kochi Tuskers Kerala,1,0
324,2013,Royal Challengers Bangalore,Pune Warriors,1,0
325,2013,Sunrisers Hyderabad,Delhi Daredevils,0,0
326,2013,Sunrisers Hyderabad,Kings XI Punjab,0,0
327,2013,Sunrisers Hyderabad,Mumbai Indians,0,0
328,2013,Sunrisers Hyderabad,Rising Pune Supergiants,0,0
329,2013,Sunrisers Hyderabad,Gujarat Lions,0,0
330,2013,Sunrisers Hyderabad,Kolkata Knight Riders,0,0
331,2013,Sunrisers Hyderabad,Chennai Super Kings,0,0
332,2013,Sunrisers Hyderabad,Rajasthan Royals,0,0
333,2013,Sunrisers Hyderabad,Deccan Chargers,0,0
334,2013,Sunrisers Hyderabad,Kochi Tuskers Kerala,0,0
335,2013,Sunrisers Hyderabad,Pune Warriors,0,0
336,2013,Delhi Daredevils,Kings XI Punjab,0.5,0.5
337,2013,Delhi Daredevils,Mumbai Indians,0.5,0.5
338,2013,Delhi Daredevils,Rising Pune Supergiants,0,0
339,2013,Delhi Daredevils,Gujarat Lions,0,0
340,2013,Delhi Daredevils,Kolkata Knight Riders,0.44,0.56
341,2013,Delhi Daredevils,Chennai Super Kings,0.4,0.6
342,2013,Delhi Daredevils,Rajasthan Royals,0.4,0.6
343,2013,Delhi Daredevils,Deccan Chargers,0.64,0.36
344,2013,Delhi Daredevils,Kochi Tuskers Kerala,0.5,0.5
345,2013,Delhi Daredevils,Pune Warriors,0.7,0.3
346,2013,Kings XI Punjab,Mumbai Indians,0.6,0.4
347,2013,Kings XI Punjab,Rising Pune Supergiants,0,0
348,2013,Kings XI Punjab,Gujarat Lions,0,0
349,2013,Kings XI Punjab,Kolkata Knight Riders,0.45,0.55
350,2013,Kings XI Punjab,Chennai Super Kings,0.4,0.6
351,2013,Kings XI Punjab,Rajasthan Royals,0.3,0.7
352,2013,Kings XI Punjab,Deccan Chargers,0.7,0.3
353,2013,Kings XI Punjab,Kochi Tuskers Kerala,1,0
354,2013,Kings XI Punjab,Pune Warriors,0.25,0.75
355,2013,Mumbai Indians,Rising Pune Supergiants,0,0
356,2013,Mumbai Indians,Gujarat Lions,0,0
357,2013,Mumbai Indians,Kolkata Knight Riders,0.8,0.2
358,2013,Mumbai Indians,Chennai Super Kings,0.55,0.45
359,2013,Mumbai Indians,Rajasthan Royals,0.56,0.44
360,2013,Mumbai Indians,Deccan Chargers,0.6,0.4
361,2013,Mumbai Indians,Kochi Tuskers Kerala,0,1
362,2013,Mumbai Indians,Pune Warriors,0.75,0.25
363,2013,Rising Pune Supergiants,Gujarat Lions,0,0
364,2013,Rising Pune Supergiants,Kolkata Knight Riders,0,0
365,2013,Rising Pune Supergiants,Chennai Super Kings,0,0
366,2013,Rising Pune Supergiants,Rajasthan Royals,0,0
367,2013,Rising Pune Supergiants,Deccan Chargers,0,0
368,2013,Rising Pune Supergiants,Kochi Tuskers Kerala,0,0
369,2013,Rising Pune Supergiants,Pune Warriors,0,0
370,2013,Gujarat Lions,Kolkata Knight Riders,0,0
371,2013,Gujarat Lions,Chennai Super Kings,0,0
372,2013,Gujarat Lions,Rajasthan Royals,0,0
373,2013,Gujarat Lions,Deccan Chargers,0,0
374,2013,Gujarat Lions,Kochi Tuskers Kerala,0,0
375,2013,Gujarat Lions,Pune Warriors,0,0
376,2013,Kolkata Knight Riders,Chennai Super Kings,0.4,0.6
377,2013,Kolkata Knight Riders,Rajasthan Royals,0.5,0.5
378,2013,Kolkata Knight Riders,Deccan Chargers,0.78,0.22
379,2013,Kolkata Knight Riders,Kochi Tuskers Kerala,0,1
380,2013,Kolkata Knight Riders,Pune Warriors,1,0
381,2013,Chennai Super Kings,Rajasthan Royals,0.64,0.36
382,2013,Chennai Super Kings,Deccan Chargers,0.6,0.4
383,2013,Chennai Super Kings,Kochi Tuskers Kerala,0.5,0.5
384,2013,Chennai Super Kings,Pune Warriors,0.75,0.25
385,2013,Rajasthan Royals,Deccan Chargers,0.78,0.22
386,2013,Rajasthan Royals,Kochi Tuskers Kerala,0.5,0.5
387,2013,Rajasthan Royals,Pune Warriors,1,0
388,2013,Deccan Chargers,Kochi Tuskers Kerala,1,0
389,2013,Deccan Chargers,Pune Warriors,0.75,0.25
390,2013,Kochi Tuskers Kerala,Pune Warriors,0,1
308,2012,Chennai Super Kings,Mumbai Indians,0.6,0.4
309,2012,Kolkata Knight Riders,Delhi Daredevils,0.6,0.4
310,2012,Pune Warriors,Mumbai Indians,0,1
311,2012,Rajasthan Royals,Kings XI Punjab,1,0
312,2012,Royal Challengers Bangalore,Delhi Daredevils,0,1
313,2012,Chennai Super Kings,Deccan Chargers,0.5,0.5
314,2012,Rajasthan Royals,Kolkata Knight Riders,0.5,0.5
315,2012,Pune Warriors,Kings XI Punjab,1,0
316,2012,Deccan Chargers,Mumbai Indians,1,0
317,2012,Kolkata Knight Riders,Royal Challengers Bangalore,0.28,0.71
318,2012,Chennai Super Kings,Delhi Daredevils,0.5,0.5
319,2012,Mumbai Indians,Rajasthan Royals,0.4,0.6
320,2012,Royal Challengers Bangalore,Chennai Super Kings,0.5,0.5
321,2012,Pune Warriors,Kings XI Punjab,0,1
322,2012,Rajasthan Royals,Kolkata Knight Riders,0.42,0.57
323,2012,Deccan Chargers,Delhi Daredevils,0.5,0.5
324,2012,Chennai Super Kings,Pune Warriors,0,1
325,2012,Kings XI Punjab,Kolkata Knight Riders,0.25,0.75
326,2012,Rajasthan Royals,Royal Challengers Bangalore,0.25,0.75
327,2012,Mumbai Indians,Delhi Daredevils,0.57,0.42
328,2012,Deccan Chargers,Rajasthan Royals,0.83,0.16
329,2012,Pune Warriors,Royal Challengers Bangalore,0,1
330,2012,Kings XI Punjab,Kolkata Knight Riders,0.25,0.75
331,2012,Deccan Chargers,Delhi Daredevils,0.5,0.5
332,2012,Chennai Super Kings,Pune Warriors,1,0
333,2012,Kings XI Punjab,Royal Challengers Bangalore,0.4,0.6
334,2012,Rajasthan Royals,Chennai Super Kings,0.5,0.5
335,2012,Pune Warriors,Delhi Daredevils,1,0
336,2012,Mumbai Indians,Kings XI Punjab,0.5,0.5
337,2012,Deccan Chargers,Kolkata Knight Riders,0,1
338,2012,Royal Challengers Bangalore,Rajasthan Royals,0.3,0.7
339,2012,Pune Warriors,Delhi Daredevils,0,1
340,2012,Kings XI Punjab,Mumbai Indians,0.6,0.4
341,2012,Deccan Chargers,Pune Warriors,1,0
342,2012,Delhi Daredevils,Mumbai Indians,0,1
343,2012,Kings XI Punjab,Chennai Super Kings,0.3,0.7
344,2012,Kolkata Knight Riders,Royal Challengers Bangalore,0.28,0.71
345,2012,Delhi Daredevils,Rajasthan Royals,0.4,0.6
346,2012,Deccan Chargers,Mumbai Indians,1,0
347,2012,Chennai Super Kings,Kolkata Knight Riders,0.5,0.5
348,2012,Deccan Chargers,Pune Warriors,1,0
349,2012,Rajasthan Royals,Delhi Daredevils,0.3,0.7
350,2012,Royal Challengers Bangalore,Kings XI Punjab,0.4,0.6
351,2012,Mumbai Indians,Pune Warriors,1,0
352,2012,Chennai Super Kings,Deccan Chargers,0.5,0.5
353,2012,Kolkata Knight Riders,Pune Warriors,1,0
354,2012,Rajasthan Royals,Kings XI Punjab,1,0
355,2012,Chennai Super Kings,Mumbai Indians,0.6,0.4
356,2012,Deccan Chargers,Royal Challengers Bangalore,0.6,0.4
357,2012,Delhi Daredevils,Kolkata Knight Riders,1,0
358,2012,Pune Warriors,Rajasthan Royals,1,0
359,2012,Kings XI Punjab,Deccan Chargers,0.5,0.5
360,2012,Mumbai Indians,Royal Challengers Bangalore,0.5,0.5
361,2012,Rajasthan Royals,Chennai Super Kings,0.5,0.5
362,2012,Royal Challengers Bangalore,Pune Warriors,0,1
363,2012,Mumbai Indians,Kolkata Knight Riders,0.6,0.4
364,2012,Delhi Daredevils,Chennai Super Kings,0.4,0.6
365,2012,Rajasthan Royals,Pune Warriors,1,0
366,2012,Deccan Chargers,Kings XI Punjab,0.3,0.7
367,2012,Royal Challengers Bangalore,Mumbai Indians,0.3,0.7
368,2012,Kolkata Knight Riders,Chennai Super Kings,0,1
369,2012,Kings XI Punjab,Delhi Daredevils,0.3,0.7
370,2012,Kolkata Knight Riders,Mumbai Indians,0.7,0.3
371,2012,Chennai Super Kings,Kings XI Punjab,0.8,0.2
372,2012,Royal Challengers Bangalore,Delhi Daredevils,0,1
373,2012,Rajasthan Royals,Deccan Chargers,1,0
374,2012,Kings XI Punjab,Delhi Daredevils,0.3,0.7
375,2012,Kolkata Knight Riders,Pune Warriors,1,0
376,2012,Deccan Chargers,Royal Challengers Bangalore,0.7,0.3
377,2012,Rajasthan Royals,Mumbai Indians,0.5,0.5
378,2012,Kolkata Knight Riders,Delhi Daredevils,0.6,0.4
379,2012,Chennai Super Kings,Mumbai Indians,0.5,0.5
380,2012,Chennai Super Kings,Delhi Daredevils,0.5,0.5
381,2012,Chennai Super Kings,Kolkata Knight Riders,0.5,0.5
235,2011,Chennai Super Kings,Kolkata Knight Riders,0.5,0.5
236,2011,Deccan Chargers,Rajasthan Royals,0.5,0.5
237,2011,Kochi Tuskers Kerala,Royal Challengers Bangalore,0,0
238,2011,Delhi Daredevils,Mumbai Indians,0,0
239,2011,Kings XI Punjab,Pune Warriors,0,0
240,2011,Kolkata Knight Riders,Deccan Chargers,0.6,0.4
241,2011,Delhi Daredevils,Rajasthan Royals,0.5,0.5
242,2011,Royal Challengers Bangalore,Mumbai Indians,0.5,0.5
243,2011,Chennai Super Kings,Kings XI Punjab,1,0
244,2011,Kochi Tuskers Kerala,Pune Warriors,0,0
245,2011,Deccan Chargers,Royal Challengers Bangalore,0.6,0.4
246,2011,Rajasthan Royals,Kolkata Knight Riders,0.5,0.5
247,2011,Mumbai Indians,Kochi Tuskers Kerala,0,0
248,2011,Chennai Super Kings,Royal Challengers Bangalore,0.5,0.5
249,2011,Deccan Chargers,Kings XI Punjab,0,1
250,2011,Pune Warriors,Delhi Daredevils,0,0
251,2011,Rajasthan Royals,Kolkata Knight Riders,0.5,0.5
252,2011,Chennai Super Kings,Kochi Tuskers Kerala,0,0
253,2011,Deccan Chargers,Delhi Daredevils,0.5,0.5
254,2011,Pune Warriors,Mumbai Indians,0,0
255,2011,Kochi Tuskers Kerala,Kolkata Knight Riders,0,0
256,2011,Kings XI Punjab,Rajasthan Royals,0.5,0.5
257,2011,Mumbai Indians,Chennai Super Kings,0.5,0.5
258,2011,Kolkata Knight Riders,Royal Challengers Bangalore,0.4,0.6
259,2011,Delhi Daredevils,Kings XI Punjab,0,1
260,2011,Mumbai Indians,Deccan Chargers,0.25,0.75
261,2011,Kochi Tuskers Kerala,Rajasthan Royals,0,0
262,2011,Chennai Super Kings,Pune Warriors,0,0
263,2011,Delhi Daredevils,Royal Challengers Bangalore,0.6,0.4
264,2011,Pune Warriors,Chennai Super Kings,0,0
265,2011,Deccan Chargers,Kochi Tuskers Kerala,0,0
266,2011,Kolkata Knight Riders,Delhi Daredevils,0.5,0.5
267,2011,Mumbai Indians,Rajasthan Royals,0.3,0.7
268,2011,Royal Challengers Bangalore,Pune Warriors,0,0
269,2011,Delhi Daredevils,Kochi Tuskers Kerala,0,0
270,2011,Kings XI Punjab,Kolkata Knight Riders,0.3,0.7
271,2011,Pune Warriors,Rajasthan Royals,0,0
272,2011,Chennai Super Kings,Deccan Chargers,0.4,0.6
273,2011,Mumbai Indians,Kings XI Punjab,0,1
274,2011,Delhi Daredevils,Kochi Tuskers Kerala,0,0
275,2011,Kolkata Knight Riders,Deccan Chargers,0.6,0.4
276,2011,Rajasthan Royals,Chennai Super Kings,0.7,0.3
277,2011,Mumbai Indians,Pune Warriors,0,0
278,2011,Kochi Tuskers Kerala,Kolkata Knight Riders,0,0
279,2011,Deccan Chargers,Delhi Daredevils,0.5,0.5
280,2011,Royal Challengers Bangalore,Kings XI Punjab,0.25,0.75
281,2011,Chennai Super Kings,Kolkata Knight Riders,0.5,0.5
282,2011,Mumbai Indians,Delhi Daredevils,0.5,0.5
283,2011,Kochi Tuskers Kerala,Royal Challengers Bangalore,0,0
284,2011,Kings XI Punjab,Pune Warriors,0,0
285,2011,Chennai Super Kings,Rajasthan Royals,0.5,0.5
286,2011,Deccan Chargers,Pune Warriors,0,0
287,2011,Kings XI Punjab,Mumbai Indians,0.6,0.4
288,2011,Rajasthan Royals,Royal Challengers Bangalore,0.3,0.7
289,2011,Chennai Super Kings,Delhi Daredevils,0.4,0.6
290,2011,Kochi Tuskers Kerala,Kings XI Punjab,0,0
291,2011,Kolkata Knight Riders,Royal Challengers Bangalore,0.4,0.6
292,2011,Deccan Chargers,Mumbai Indians,1,0
293,2011,Kings XI Punjab,Delhi Daredevils,0,1
294,2011,Rajasthan Royals,Kochi Tuskers Kerala,0,0
295,2011,Pune Warriors,Deccan Chargers,0,0
296,2011,Kings XI Punjab,Royal Challengers Bangalore,0,1
297,2011,Chennai Super Kings,Kochi Tuskers Kerala,0,0
298,2011,Pune Warriors,Kolkata Knight Riders,0,0
299,2011,Mumbai Indians,Rajasthan Royals,0.7,0.3
300,2011,Deccan Chargers,Kings XI Punjab,0.25,0.75
301,2011,Delhi Daredevils,Pune Warriors,0,0
302,2011,Chennai Super Kings,Royal Challengers Bangalore,0,1
303,2011,Kolkata Knight Riders,Mumbai Indians,0,1
304,2011,Royal Challengers Bangalore,Chennai Super Kings,0.7,0.3
305,2011,Kolkata Knight Riders,Mumbai Indians,0,1
306,2011,Royal Challengers Bangalore,Mumbai Indians,0,1
307,2011,Chennai Super Kings,Royal Challengers Bangalore,0.5,0.5
175,2010,Kolkata Knight Riders,Deccan Chargers,0.3,0.7
176,2010,Mumbai Indians,Rajasthan Royals,0,1
177,2010,Kings XI Punjab,Delhi Daredevils,0,1
178,2010,Royal Challengers Bangalore,Kolkata Knight Riders,0,0
179,2010,Deccan Chargers,Chennai Super Kings,0,1
180,2010,Rajasthan Royals,Delhi Daredevils,0,1
181,2010,Kings XI Punjab,Royal Challengers Bangalore,0.5,0.5
182,2010,Chennai Super Kings,Kolkata Knight Riders,0,0
183,2010,Mumbai Indians,Delhi Daredevils,0.25,0.75
184,2010,Rajasthan Royals,Royal Challengers Bangalore,1,0
185,2010,Delhi Daredevils,Chennai Super Kings,0.5,0.5
186,2010,Deccan Chargers,Kings XI Punjab,0,1
187,2010,Rajasthan Royals,Kolkata Knight Riders,0.6,0.4
188,2010,Mumbai Indians,Royal Challengers Bangalore,0.4,0.6
189,2010,Deccan Chargers,Delhi Daredevils,0,1
190,2010,Kings XI Punjab,Chennai Super Kings,0,1
191,2010,Kolkata Knight Riders,Mumbai Indians,0,1
192,2010,Royal Challengers Bangalore,Chennai Super Kings,1,0
193,2010,Rajasthan Royals,Kings XI Punjab,1,0
194,2010,Chennai Super Kings,Mumbai Indians,0.5,0.5
195,2010,Deccan Chargers,Rajasthan Royals,0.3,0.7
196,2010,Kolkata Knight Riders,Kings XI Punjab,0,1
197,2010,Delhi Daredevils,Royal Challengers Bangalore,0.5,0.5
198,2010,Rajasthan Royals,Chennai Super Kings,0.5,0.5
199,2010,Mumbai Indians,Deccan Chargers,0.5,0.5
200,2010,Delhi Daredevils,Kolkata Knight Riders,0,0
201,2010,Kings XI Punjab,Mumbai Indians,0.7,0.3
202,2010,Royal Challengers Bangalore,Chennai Super Kings,1,0
203,2010,Delhi Daredevils,Rajasthan Royals,0,0
204,2010,Kolkata Knight Riders,Deccan Chargers,0.3,0.7
205,2010,Kings XI Punjab,Royal Challengers Bangalore,0,0
206,2010,Chennai Super Kings,Rajasthan Royals,0.3,0.7
207,2010,Mumbai Indians,Deccan Chargers,0.5,0.5
208,2010,Kolkata Knight Riders,Kings XI Punjab,0,1
209,2010,Delhi Daredevils,Royal Challengers Bangalore,0.5,0.5
210,2010,Rajasthan Royals,Deccan Chargers,0,0
211,2010,Chennai Super Kings,Mumbai Indians,0.5,0.5
212,2010,Kings XI Punjab,Rajasthan Royals,0.7,0.3
213,2010,Kolkata Knight Riders,Delhi Daredevils,0.3,0.7
214,2010,Royal Challengers Bangalore,Deccan Chargers,1,0
215,2010,Mumbai Indians,Kings XI Punjab,0,0
216,2010,Chennai Super Kings,Deccan Chargers,0.3,0.7
217,2010,Kolkata Knight Riders,Royal Challengers Bangalore,0.5,0.5
218,2010,Delhi Daredevils,Kings XI Punjab,0,1
219,2010,Mumbai Indians,Rajasthan Royals,0,1
220,2010,Deccan Chargers,Royal Challengers Bangalore,0.7,0.3
221,2010,Mumbai Indians,Delhi Daredevils,1,0
222,2010,Kolkata Knight Riders,Chennai Super Kings,0,1
223,2010,Rajasthan Royals,Royal Challengers Bangalore,1,0
224,2010,Chennai Super Kings,Delhi Daredevils,0.4,0.6
225,2010,Kings XI Punjab,Deccan Chargers,1,0
226,2010,Mumbai Indians,Royal Challengers Bangalore,0.3,0.7
227,2010,Rajasthan Royals,Kolkata Knight Riders,0.6,0.4
228,2010,Kings XI Punjab,Chennai Super Kings,0,1
229,2010,Deccan Chargers,Delhi Daredevils,0.4,0.6
230,2010,Mumbai Indians,Kolkata Knight Riders,1,0
231,2010,Mumbai Indians,Royal Challengers Bangalore,0.3,0.7
232,2010,Chennai Super Kings,Deccan Chargers,0.3,0.7
233,2010,Deccan Chargers,Royal Challengers Bangalore,0.3,0.7
234,2010,Chennai Super Kings,Mumbai Indians,0.5,0.5
118,2009,Mumbai Indians,Chennai Super Kings,0,0
119,2009,Royal Challengers Bangalore,Rajasthan Royals,1,0
120,2009,Kings XI Punjab,Delhi Daredevils,0,0
121,2009,Kolkata Knight Riders,Deccan Chargers,1,0
122,2009,Chennai Super Kings,Royal Challengers Bangalore,1,0
123,2009,Kings XI Punjab,Kolkata Knight Riders,0.5,0.5
124,2009,Deccan Chargers,Royal Challengers Bangalore,0,1
125,2009,Delhi Daredevils,Chennai Super Kings,0,1
126,2009,Rajasthan Royals,Kolkata Knight Riders,1,0
127,2009,Royal Challengers Bangalore,Kings XI Punjab,0,1
128,2009,Deccan Chargers,Mumbai Indians,0,0
129,2009,Royal Challengers Bangalore,Delhi Daredevils,0,1
130,2009,Kings XI Punjab,Rajasthan Royals,0,1
131,2009,Chennai Super Kings,Deccan Chargers,0,0
132,2009,Mumbai Indians,Kolkata Knight Riders,0,1
133,2009,Delhi Daredevils,Rajasthan Royals,0,1
134,2009,Kolkata Knight Riders,Royal Challengers Bangalore,1,0
135,2009,Kings XI Punjab,Mumbai Indians,0,1
136,2009,Deccan Chargers,Delhi Daredevils,0,1
137,2009,Chennai Super Kings,Rajasthan Royals,0,1
138,2009,Mumbai Indians,Kolkata Knight Riders,0,0
139,2009,Royal Challengers Bangalore,Kings XI Punjab,0,1
140,2009,Deccan Chargers,Rajasthan Royals,0,1
141,2009,Chennai Super Kings,Delhi Daredevils,0,0
142,2009,Kolkata Knight Riders,Kings XI Punjab,0,1
143,2009,Mumbai Indians,Royal Challengers Bangalore,0,1
144,2009,Chennai Super Kings,Deccan Chargers,0,1
145,2009,Rajasthan Royals,Kings XI Punjab,0,0
146,2009,Kolkata Knight Riders,Delhi Daredevils,1,0
147,2009,Deccan Chargers,Mumbai Indians,1,0
148,2009,Royal Challengers Bangalore,Rajasthan Royals,1,0
149,2009,Chennai Super Kings,Kings XI Punjab,1,0
150,2009,Mumbai Indians,Delhi Daredevils,0.5,0.5
151,2009,Deccan Chargers,Kings XI Punjab,0,1
152,2009,Rajasthan Royals,Chennai Super Kings,1,0
153,2009,Mumbai Indians,Royal Challengers Bangalore,0,1
154,2009,Kolkata Knight Riders,Delhi Daredevils,1,0
155,2009,Deccan Chargers,Rajasthan Royals,0,1
156,2009,Kolkata Knight Riders,Royal Challengers Bangalore,1,0
157,2009,Kings XI Punjab,Mumbai Indians,1,0
158,2009,Delhi Daredevils,Deccan Chargers,1,0
159,2009,Chennai Super Kings,Royal Challengers Bangalore,1,0
160,2009,Rajasthan Royals,Mumbai Indians,1,0
161,2009,Delhi Daredevils,Kings XI Punjab,0,1
162,2009,Mumbai Indians,Chennai Super Kings,0,0
163,2009,Kolkata Knight Riders,Deccan Chargers,1,0
164,2009,Kings XI Punjab,Deccan Chargers,0,0
165,2009,Delhi Daredevils,Rajasthan Royals,0,1
166,2009,Chennai Super Kings,Kolkata Knight Riders,0,0
167,2009,Delhi Daredevils,Royal Challengers Bangalore,1,0
168,2009,Rajasthan Royals,Kolkata Knight Riders,1,0
169,2009,Chennai Super Kings,Kings XI Punjab,1,0
170,2009,Mumbai Indians,Delhi Daredevils,0.5,0.5
171,2009,Royal Challengers Bangalore,Deccan Chargers,1,0
172,2009,Delhi Daredevils,Deccan Chargers,1,0
173,2009,Chennai Super Kings,Royal Challengers Bangalore,1,0
174,2009,Deccan Chargers,Royal Challengers Bangalore,0,1
703,2008,Royal Challengers Bangalore,Sunrisers Hyderabad,0,0
704,2008,Royal Challengers Bangalore,Delhi Daredevils,0,0
705,2008,Royal Challengers Bangalore,Kings XI Punjab,0,0
706,2008,Royal Challengers Bangalore,Mumbai Indians,0,0
707,2008,Royal Challengers Bangalore,Rising Pune Supergiants,0,0
708,2008,Royal Challengers Bangalore,Gujarat Lions,0,0
709,2008,Royal Challengers Bangalore,Kolkata Knight Riders,0,0
710,2008,Royal Challengers Bangalore,Chennai Super Kings,0,0
711,2008,Royal Challengers Bangalore,Rajasthan Royals,0,0
712,2008,Royal Challengers Bangalore,Deccan Chargers,0,0
713,2008,Royal Challengers Bangalore,Kochi Tuskers Kerala,0,0
714,2008,Royal Challengers Bangalore,Pune Warriors,0,0
715,2008,Sunrisers Hyderabad,Delhi Daredevils,0,0
716,2008,Sunrisers Hyderabad,Kings XI Punjab,0,0
717,2008,Sunrisers Hyderabad,Mumbai Indians,0,0
718,2008,Sunrisers Hyderabad,Rising Pune Supergiants,0,0
719,2008,Sunrisers Hyderabad,Gujarat Lions,0,0
720,2008,Sunrisers Hyderabad,Kolkata Knight Riders,0,0
721,2008,Sunrisers Hyderabad,Chennai Super Kings,0,0
722,2008,Sunrisers Hyderabad,Rajasthan Royals,0,0
723,2008,Sunrisers Hyderabad,Deccan Chargers,0,0
724,2008,Sunrisers Hyderabad,Kochi Tuskers Kerala,0,0
725,2008,Sunrisers Hyderabad,Pune Warriors,0,0
726,2008,Delhi Daredevils,Kings XI Punjab,0,0
727,2008,Delhi Daredevils,Mumbai Indians,0,0
728,2008,Delhi Daredevils,Rising Pune Supergiants,0,0
729,2008,Delhi Daredevils,Gujarat Lions,0,0
730,2008,Delhi Daredevils,Kolkata Knight Riders,0,0
731,2008,Delhi Daredevils,Chennai Super Kings,0,0
732,2008,Delhi Daredevils,Rajasthan Royals,0,0
733,2008,Delhi Daredevils,Deccan Chargers,0,0
734,2008,Delhi Daredevils,Kochi Tuskers Kerala,0,0
735,2008,Delhi Daredevils,Pune Warriors,0,0
736,2008,Kings XI Punjab,Mumbai Indians,0,0
737,2008,Kings XI Punjab,Rising Pune Supergiants,0,0
738,2008,Kings XI Punjab,Gujarat Lions,0,0
739,2008,Kings XI Punjab,Kolkata Knight Riders,0,0
740,2008,Kings XI Punjab,Chennai Super Kings,0,0
741,2008,Kings XI Punjab,Rajasthan Royals,0,0
742,2008,Kings XI Punjab,Deccan Chargers,0,0
743,2008,Kings XI Punjab,Kochi Tuskers Kerala,0,0
744,2008,Kings XI Punjab,Pune Warriors,0,0
745,2008,Mumbai Indians,Rising Pune Supergiants,0,0
746,2008,Mumbai Indians,Gujarat Lions,0,0
747,2008,Mumbai Indians,Kolkata Knight Riders,0,0
748,2008,Mumbai Indians,Chennai Super Kings,0,0
749,2008,Mumbai Indians,Rajasthan Royals,0,0
750,2008,Mumbai Indians,Deccan Chargers,0,0
751,2008,Mumbai Indians,Kochi Tuskers Kerala,0,0
752,2008,Mumbai Indians,Pune Warriors,0,0
753,2008,Rising Pune Supergiants,Gujarat Lions,0,0
754,2008,Rising Pune Supergiants,Kolkata Knight Riders,0,0
755,2008,Rising Pune Supergiants,Chennai Super Kings,0,0
756,2008,Rising Pune Supergiants,Rajasthan Royals,0,0
757,2008,Rising Pune Supergiants,Deccan Chargers,0,0
758,2008,Rising Pune Supergiants,Kochi Tuskers Kerala,0,0
759,2008,Rising Pune Supergiants,Pune Warriors,0,0
760,2008,Gujarat Lions,Kolkata Knight Riders,0,0
761,2008,Gujarat Lions,Chennai Super Kings,0,0
762,2008,Gujarat Lions,Rajasthan Royals,0,0
763,2008,Gujarat Lions,Deccan Chargers,0,0
764,2008,Gujarat Lions,Kochi Tuskers Kerala,0,0
765,2008,Gujarat Lions,Pune Warriors,0,0
766,2008,Kolkata Knight Riders,Chennai Super Kings,0,0
767,2008,Kolkata Knight Riders,Rajasthan Royals,0,0
768,2008,Kolkata Knight Riders,Deccan Chargers,0,0
769,2008,Kolkata Knight Riders,Kochi Tuskers Kerala,0,0
770,2008,Kolkata Knight Riders,Pune Warriors,0,0
771,2008,Chennai Super Kings,Rajasthan Royals,0,0
772,2008,Chennai Super Kings,Deccan Chargers,0,0
773,2008,Chennai Super Kings,Kochi Tuskers Kerala,0,0
774,2008,Chennai Super Kings,Pune Warriors,0,0
775,2008,Rajasthan Royals,Deccan Chargers,0,0
776,2008,Rajasthan Royals,Kochi Tuskers Kerala,0,0
777,2008,Rajasthan Royals,Pune Warriors,0,0
778,2008,Deccan Chargers,Kochi Tuskers Kerala,0,0
779,2008,Deccan Chargers,Pune Warriors,0,0
780,2008,Kochi Tuskers Kerala,Pune Warriors,0,0
781,2018,Royal Challengers Bangalore,Sunrisers Hyderabad,0.4,0.6
782,2018,Royal Challengers Bangalore,Delhi Daredevils,0.67,0.33
783,2018,Royal Challengers Bangalore,Kings XI Punjab,0.35,0.65
784,2018,Royal Challengers Bangalore,Mumbai Indians,0.38,0.62
785,2018,Royal Challengers Bangalore,Rising Pune Supergiants,1,0
786,2018,Royal Challengers Bangalore,Gujarat Lions,0.6,0.4
787,2018,Royal Challengers Bangalore,Kolkata Knight Riders,0.45,0.55
788,2018,Royal Challengers Bangalore,Chennai Super Kings,0.37,0.63
789,2018,Royal Challengers Bangalore,Rajasthan Royals,0.53,0.47
790,2018,Royal Challengers Bangalore,Deccan Chargers,0.45,0.55
791,2018,Royal Challengers Bangalore,Kochi Tuskers Kerala,0,1
792,2018,Royal Challengers Bangalore,Pune Warriors,1,0
793,2018,Sunrisers Hyderabad,Delhi Daredevils,0.6,0.4
794,2018,Sunrisers Hyderabad,Kings XI Punjab,0.8,0.2
795,2018,Sunrisers Hyderabad,Mumbai Indians,0.5,0.5
796,2018,Sunrisers Hyderabad,Rising Pune Supergiants,0.5,0.5
797,2018,Sunrisers Hyderabad,Gujarat Lions,1,0
798,2018,Sunrisers Hyderabad,Kolkata Knight Riders,0.33,0.67
799,2018,Sunrisers Hyderabad,Chennai Super Kings,0.33,0.67
800,2018,Sunrisers Hyderabad,Rajasthan Royals,0.43,0.57
801,2018,Sunrisers Hyderabad,Deccan Chargers,0,0
802,2018,Sunrisers Hyderabad,Kochi Tuskers Kerala,0,0
803,2018,Sunrisers Hyderabad,Pune Warriors,1,0
804,2018,Delhi Daredevils,Kings XI Punjab,0.45,0.55
805,2018,Delhi Daredevils,Mumbai Indians,0.45,0.55
806,2018,Delhi Daredevils,Rising Pune Supergiants,0,1
807,2018,Delhi Daredevils,Gujarat Lions,0.75,0.25
808,2018,Delhi Daredevils,Kolkata Knight Riders,0.37,0.63
809,2018,Delhi Daredevils,Chennai Super Kings,0.31,0.69
810,2018,Delhi Daredevils,Rajasthan Royals,0.375,0.625
811,2018,Delhi Daredevils,Deccan Chargers,0.64,0.36
812,2018,Delhi Daredevils,Kochi Tuskers Kerala,0.5,0.5
813,2018,Delhi Daredevils,Pune Warriors,0.6,0.4
814,2018,Kings XI Punjab,Mumbai Indians,0.5,0.5
815,2018,Kings XI Punjab,Rising Pune Supergiants,0.5,0.5
816,2018,Kings XI Punjab,Gujarat Lions,0.5,0.5
817,2018,Kings XI Punjab,Kolkata Knight Riders,0.3,0.7
818,2018,Kings XI Punjab,Chennai Super Kings,0.41,0.59
819,2018,Kings XI Punjab,Rajasthan Royals,0.4,0.6
820,2018,Kings XI Punjab,Deccan Chargers,0.7,0.3
821,2018,Kings XI Punjab,Kochi Tuskers Kerala,1,0
822,2018,Kings XI Punjab,Pune Warriors,0.5,0.5
823,2018,Mumbai Indians,Rising Pune Supergiants,0.5,0.5
824,2018,Mumbai Indians,Gujarat Lions,0.5,0.5
825,2018,Mumbai Indians,Kolkata Knight Riders,0.76,0.24
826,2018,Mumbai Indians,Chennai Super Kings,0.56,0.44
827,2018,Mumbai Indians,Rajasthan Royals,0.625,0.375
828,2018,Mumbai Indians,Deccan Chargers,0.6,0.4
829,2018,Mumbai Indians,Kochi Tuskers Kerala,0,1
830,2018,Mumbai Indians,Pune Warriors,0.83,0.17
831,2018,Rising Pune Supergiants,Gujarat Lions,0,1
832,2018,Rising Pune Supergiants,Kolkata Knight Riders,0,1
833,2018,Rising Pune Supergiants,Chennai Super Kings,0,0
834,2018,Rising Pune Supergiants,Rajasthan Royals,0,0
835,2018,Rising Pune Supergiants,Deccan Chargers,0,0
836,2018,Rising Pune Supergiants,Kochi Tuskers Kerala,0,0
837,2018,Rising Pune Supergiants,Pune Warriors,0,0
838,2018,Gujarat Lions,Kolkata Knight Riders,0.75,0.25
839,2018,Gujarat Lions,Chennai Super Kings,0,0
840,2018,Gujarat Lions,Rajasthan Royals,0,0
841,2018,Gujarat Lions,Deccan Chargers,0,0
842,2018,Gujarat Lions,Kochi Tuskers Kerala,0,0
843,2018,Gujarat Lions,Pune Warriors,0,0
844,2018,Kolkata Knight Riders,Chennai Super Kings,0.375,0.625
845,2018,Kolkata Knight Riders,Rajasthan Royals,0.4,0.6
846,2018,Kolkata Knight Riders,Deccan Chargers,0.78,0.22
847,2018,Kolkata Knight Riders,Kochi Tuskers Kerala,0,1
848,2018,Kolkata Knight Riders,Pune Warriors,0.8,0.2
849,2018,Chennai Super Kings,Rajasthan Royals,0.65,0.35
850,2018,Chennai Super Kings,Deccan Chargers,0.6,0.4
851,2018,Chennai Super Kings,Kochi Tuskers Kerala,0.5,0.5
852,2018,Chennai Super Kings,Pune Warriors,0.67,0.33
853,2018,Rajasthan Royals,Deccan Chargers,0.78,0.22
854,2018,Rajasthan Royals,Kochi Tuskers Kerala,0.5,0.5
855,2018,Rajasthan Royals,Pune Warriors,0.8,0.2
856,2018,Deccan Chargers,Kochi Tuskers Kerala,1,0
857,2018,Deccan Chargers,Pune Warriors,0.75,0.25
858,2018,Kochi Tuskers Kerala,Pune Warriors,0,1
859,2019,Royal Challengers Bangalore,Sunrisers Hyderabad,0.42,0.58
860,2019,Royal Challengers Bangalore,Delhi Daredevils,0.67,0.33
861,2019,Royal Challengers Bangalore,Kings XI Punjab,0.45,0.55
862,2019,Royal Challengers Bangalore,Mumbai Indians,0.39,0.61
863,2019,Royal Challengers Bangalore,Rising Pune Supergiants,1,0
864,2019,Royal Challengers Bangalore,Gujarat Lions,0.6,0.4
865,2019,Royal Challengers Bangalore,Kolkata Knight Riders,0.41,0.59
866,2019,Royal Challengers Bangalore,Chennai Super Kings,0.33,0.67
867,2019,Royal Challengers Bangalore,Rajasthan Royals,0.47,0.53
868,2019,Royal Challengers Bangalore,Deccan Chargers,0.45,0.55
869,2019,Royal Challengers Bangalore,Kochi Tuskers Kerala,1,0
870,2019,Royal Challengers Bangalore,Pune Warriors,1,0
871,2019,Sunrisers Hyderabad,Delhi Daredevils,0.67,0.33
872,2019,Sunrisers Hyderabad,Kings XI Punjab,0.75,0.25
873,2019,Sunrisers Hyderabad,Mumbai Indians,0.58,0.42
874,2019,Sunrisers Hyderabad,Rising Pune Supergiants,0.5,0.5
875,2019,Sunrisers Hyderabad,Gujarat Lions,1,0
876,2019,Sunrisers Hyderabad,Kolkata Knight Riders,0.4,0.6
877,2019,Sunrisers Hyderabad,Chennai Super Kings,0.2,0.8
878,2019,Sunrisers Hyderabad,Rajasthan Royals,0.56,0.44
879,2019,Sunrisers Hyderabad,Deccan Chargers,0,0
880,2019,Sunrisers Hyderabad,Kochi Tuskers Kerala,0,0
881,2019,Sunrisers Hyderabad,Pune Warriors,1,0
882,2019,Delhi Daredevils,Kings XI Punjab,0.41,0.59
883,2019,Delhi Daredevils,Mumbai Indians,0.5,0.5
884,2019,Delhi Daredevils,Rising Pune Supergiants,0,1
885,2019,Delhi Daredevils,Gujarat Lions,0.75,0.25
886,2019,Delhi Daredevils,Kolkata Knight Riders,0.38,0.62
887,2019,Delhi Daredevils,Chennai Super Kings,0.33,0.67
888,2019,Delhi Daredevils,Rajasthan Royals,0.39,0.61
889,2019,Delhi Daredevils,Deccan Chargers,0.64,0.36
890,2019,Delhi Daredevils,Kochi Tuskers Kerala,0.5,0.5
891,2019,Delhi Daredevils,Pune Warriors,0.6,0.4
892,2019,Kings XI Punjab,Mumbai Indians,0.45,0.55
893,2019,Kings XI Punjab,Rising Pune Supergiants,0.5,0.5
894,2019,Kings XI Punjab,Gujarat Lions,0.5,0.5
895,2019,Kings XI Punjab,Kolkata Knight Riders,0.35,0.65
896,2019,Kings XI Punjab,Chennai Super Kings,0.42,0.58
897,2019,Kings XI Punjab,Rajasthan Royals,0.41,0.59
898,2019,Kings XI Punjab,Deccan Chargers,0.7,0.3
899,2019,Kings XI Punjab,Kochi Tuskers Kerala,1,0
900,2019,Kings XI Punjab,Pune Warriors,0.5,0.5
901,2019,Mumbai Indians,Rising Pune Supergiants,0.5,0.5
902,2019,Mumbai Indians,Gujarat Lions,0.5,0.5
903,2019,Mumbai Indians,Kolkata Knight Riders,0.78,0.22
904,2019,Mumbai Indians,Chennai Super Kings,0.54,0.46
905,2019,Mumbai Indians,Rajasthan Royals,0.55,0.45
906,2019,Mumbai Indians,Deccan Chargers,0.6,0.4
907,2019,Mumbai Indians,Kochi Tuskers Kerala,0,1
908,2019,Mumbai Indians,Pune Warriors,0.83,0.17
909,2019,Rising Pune Supergiants,Gujarat Lions,0,1
910,2019,Rising Pune Supergiants,Kolkata Knight Riders,0,1
911,2019,Rising Pune Supergiants,Chennai Super Kings,0,0
912,2019,Rising Pune Supergiants,Rajasthan Royals,0,0
913,2019,Rising Pune Supergiants,Deccan Chargers,0,0
914,2019,Rising Pune Supergiants,Kochi Tuskers Kerala,0,0
915,2019,Rising Pune Supergiants,Pune Warriors,0,0
916,2019,Gujarat Lions,Kolkata Knight Riders,0.75,0.25
917,2019,Gujarat Lions,Chennai Super Kings,0,0
918,2019,Gujarat Lions,Rajasthan Royals,0,0
919,2019,Gujarat Lions,Deccan Chargers,0,0
920,2019,Gujarat Lions,Kochi Tuskers Kerala,0,0
921,2019,Gujarat Lions,Pune Warriors,0,0
922,2019,Kolkata Knight Riders,Chennai Super Kings,0.39,0.61
923,2019,Kolkata Knight Riders,Rajasthan Royals,0.5,0.5
924,2019,Kolkata Knight Riders,Deccan Chargers,0.78,0.22
925,2019,Kolkata Knight Riders,Kochi Tuskers Kerala,0,1
926,2019,Kolkata Knight Riders,Pune Warriors,0.8,0.2
927,2019,Chennai Super Kings,Rajasthan Royals,0.63,0.37
928,2019,Chennai Super Kings,Deccan Chargers,0.6,0.4
929,2019,Chennai Super Kings,Kochi Tuskers Kerala,0.5,0.5
930,2019,Chennai Super Kings,Pune Warriors,0.67,0.33
931,2019,Rajasthan Royals,Deccan Chargers,0.78,0.22
932,2019,Rajasthan Royals,Kochi Tuskers Kerala,0.5,0.5
933,2019,Rajasthan Royals,Pune Warriors,0.8,0.2
934,2019,Deccan Chargers,Kochi Tuskers Kerala,1,0
935,2019,Deccan Chargers,Pune Warriors,0.75,0.25
936,2019,Kochi Tuskers Kerala,Pune Warriors,0,1
937,2020,Royal Challengers Bangalore,Sunrisers Hyderabad,0.43,0.57
938,2020,Royal Challengers Bangalore,Delhi Daredevils,0.7,0.3
939,2020,Royal Challengers Bangalore,Kings XI Punjab,0.5,0.5
940,2020,Royal Challengers Bangalore,Mumbai Indians,0.36,0.64
941,2020,Royal Challengers Bangalore,Rising Pune Supergiants,1,0
942,2020,Royal Challengers Bangalore,Gujarat Lions,0.6,0.4
943,2020,Royal Challengers Bangalore,Kolkata Knight Riders,0.42,0.58
944,2020,Royal Challengers Bangalore,Chennai Super Kings,0.35,0.65
945,2020,Royal Challengers Bangalore,Rajasthan Royals,0.44,0.56
946,2020,Royal Challengers Bangalore,Deccan Chargers,0.45,0.55
947,2020,Royal Challengers Bangalore,Kochi Tuskers Kerala,1,0
948,2020,Royal Challengers Bangalore,Pune Warriors,1,0
949,2020,Sunrisers Hyderabad,Delhi Daredevils,0.67,0.33
950,2020,Sunrisers Hyderabad,Kings XI Punjab,0.71,
951,2020,Sunrisers Hyderabad,Mumbai Indians,0.5,0.5
952,2020,Sunrisers Hyderabad,Rising Pune Supergiants,0.5,0.5
953,2020,Sunrisers Hyderabad,Gujarat Lions,1,0
954,2020,Sunrisers Hyderabad,Kolkata Knight Riders,0.41,0.59
955,2020,Sunrisers Hyderabad,Chennai Super Kings,0.25,0.75
956,2020,Sunrisers Hyderabad,Rajasthan Royals,0.55,0.45
957,2020,Sunrisers Hyderabad,Deccan Chargers,0,0
958,2020,Sunrisers Hyderabad,Kochi Tuskers Kerala,0,0
959,2020,Sunrisers Hyderabad,Pune Warriors,1,0
960,2020,Delhi Daredevils,Kings XI Punjab,0.41,0.59
961,2020,Delhi Daredevils,Mumbai Indians,0.5,0.5
962,2020,Delhi Daredevils,Rising Pune Supergiants,0,1
963,2020,Delhi Daredevils,Gujarat Lions,0.75,0.25
964,2020,Delhi Daredevils,Kolkata Knight Riders,0.38,0.62
965,2020,Delhi Daredevils,Chennai Super Kings,0.33,0.67
966,2020,Delhi Daredevils,Rajasthan Royals,0.39,0.61
967,2020,Delhi Daredevils,Deccan Chargers,0.64,0.36
968,2020,Delhi Daredevils,Kochi Tuskers Kerala,0.5,0.5
969,2020,Delhi Daredevils,Pune Warriors,0.6,0.4
970,2020,Kings XI Punjab,Mumbai Indians,0.46,0.54
971,2020,Kings XI Punjab,Rising Pune Supergiants,0.5,0.5
972,2020,Kings XI Punjab,Gujarat Lions,0.5,0.5
973,2020,Kings XI Punjab,Kolkata Knight Riders,0.32,0.68
974,2020,Kings XI Punjab,Chennai Super Kings,0.57,0.43
975,2020,Kings XI Punjab,Rajasthan Royals,0.47,0.43
976,2020,Kings XI Punjab,Deccan Chargers,0.7,0.3
977,2020,Kings XI Punjab,Kochi Tuskers Kerala,1,0
978,2020,Kings XI Punjab,Pune Warriors,0,0
979,2020,Mumbai Indians,Rising Pune Supergiants,0.5,0.5
980,2020,Mumbai Indians,Gujarat Lions,0.5,0.5
981,2020,Mumbai Indians,Kolkata Knight Riders,0.76,0.24
982,2020,Mumbai Indians,Chennai Super Kings,0.61,0.39
983,2020,Mumbai Indians,Rajasthan Royals,0.5,0.5
984,2020,Mumbai Indians,Deccan Chargers,0.6,0.4
985,2020,Mumbai Indians,Kochi Tuskers Kerala,0,1
986,2020,Mumbai Indians,Pune Warriors,0.83,0.17
987,2020,Rising Pune Supergiants,Gujarat Lions,0,1
988,2020,Rising Pune Supergiants,Kolkata Knight Riders,0,1
989,2020,Rising Pune Supergiants,Chennai Super Kings,0,0
990,2020,Rising Pune Supergiants,Rajasthan Royals,0,0
991,2020,Rising Pune Supergiants,Deccan Chargers,0,0
992,2020,Rising Pune Supergiants,Kochi Tuskers Kerala,0,0
993,2020,Rising Pune Supergiants,Pune Warriors,0,0
994,2020,Gujarat Lions,Kolkata Knight Riders,0.75,0.25
995,2020,Gujarat Lions,Chennai Super Kings,0,0
996,2020,Gujarat Lions,Rajasthan Royals,0,0
997,2020,Gujarat Lions,Deccan Chargers,0,0
998,2020,Gujarat Lions,Kochi Tuskers Kerala,0,0
999,2020,Gujarat Lions,Pune Warriors,0,0
1000,2020,Kolkata Knight Riders,Chennai Super Kings,0.35,0.65
1001,2020,Kolkata Knight Riders,Rajasthan Royals,0.5,0.5
1002,2020,Kolkata Knight Riders,Deccan Chargers,0.78,0.22
1003,2020,Kolkata Knight Riders,Kochi Tuskers Kerala,0,1
1004,2020,Kolkata Knight Riders,Pune Warriors,0.8,0.2
1005,2020,Chennai Super Kings,Rajasthan Royals,0.67,0.33
1006,2020,Chennai Super Kings,Deccan Chargers,0.6,0.4
1007,2020,Chennai Super Kings,Kochi Tuskers Kerala,0.5,0.5
1008,2020,Chennai Super Kings,Pune Warriors,0.67,0.33
1009,2020,Rajasthan Royals,Deccan Chargers,0.78,0.22
1010,2020,Rajasthan Royals,Kochi Tuskers Kerala,0.5,0.5
1011,2020,Rajasthan Royals,Pune Warriors,0.8,0.2
1012,2020,Deccan Chargers,Kochi Tuskers Kerala,1,0
1013,2020,Deccan Chargers,Pune Warriors,0.75,0.25
1014,2020,Kochi Tuskers Kerala,Pune Warriors,0,1
